,ticker
0,AACG
1,AADR
2,AAL
3,AAME
4,AAOI
5,AAON
6,AAPL
7,AAWW
8,AAXJ
9,ABCB
10,ABCL
11,ABCM
12,ABEO
13,ABGI
14,ABIO
15,ABMD
16,ABNB
17,ABST
18,ABTX
19,ABUS
20,ACAD
21,ACAH
22,ACAHU
23,ACAHW
24,ACB
25,ACBA
26,ACBAU
27,ACBAW
28,ACBI
29,ACCD
30,ACER
31,ACET
32,ACEV
33,ACEVU
34,ACEVW
35,ACGL
36,ACGLN
37,ACGLO
38,ACGLP
39,ACHC
40,ACHL
41,ACHV
42,ACIU
43,ACIW
44,ACKIT
45,ACKIU
46,ACKIW
47,ACLS
48,ACMR
49,ACNB
50,ACOR
51,ACQR
52,ACQRU
53,ACQRW
54,ACRS
55,ACRX
56,ACST
57,ACTD
58,ACTDU
59,ACTDW
60,ACTG
61,ACVA
62,ACWI
63,ACWX
64,ACXP
65,ADAG
66,ADAP
67,ADBE
68,ADER
69,ADERU
70,ADERW
71,ADES
72,ADI
73,ADIL
74,ADILW
75,ADMA
76,ADMP
77,ADMS
78,ADN
79,ADNWW
80,ADOC
81,ADOCR
82,ADOCW
83,ADP
84,ADPT
85,ADRE
86,ADSK
87,ADTN
88,ADTX
89,ADUS
90,ADV
91,ADVM
92,ADVWW
93,ADXN
94,ADXS
95,AEAC
96,AEACU
97,AEACW
98,AEHL
99,AEHR
100,AEI
101,AEIS
102,AEMD
103,AEP
104,AEPPL
105,AEPPZ
106,AERI
107,AESE
108,AEY
109,AEYE
110,AEZS
111,AFAQ
112,AFAQU
113,AFAQW
114,AFBI
115,AFCG
116,AFIB
117,AFIN
118,AFINO
119,AFINP
120,AFMD
121,AFRM
122,AFYA
123,AGBA
124,AGBAR
125,AGBAU
126,AGBAW
127,AGC
128,AGCUU
129,AGCWW
130,AGEN
131,AGFS
132,AGFY
133,AGGR
134,AGGRU
135,AGGRW
136,AGIO
137,AGLE
138,AGMH
139,AGNC
140,AGNCM
141,AGNCN
142,AGNCO
143,AGNCP
144,AGNG
145,AGRX
146,AGTC
147,AGYS
148,AGZD
149,AHAC
150,AHACU
151,AHACW
152,AHCO
153,AHPI
154,AIA
155,AIH
156,AIHS
157,AIKI
158,AIMC
159,AINV
160,AIQ
161,AIRG
162,AIRR
163,AIRT
164,AIRTP
165,AIRTW
166,AKAM
167,AKBA
168,AKIC
169,AKICU
170,AKICW
171,AKRO
172,AKTS
173,AKTX
174,AKU
175,AKUS
176,AKYA
177,ALAC
178,ALACR
179,ALACU
180,ALACW
181,ALBO
182,ALCO
183,ALDX
184,ALEC
185,ALF
186,ALFIW
187,ALGM
188,ALGN
189,ALGS
190,ALGT
191,ALHC
192,ALIM
193,ALJJ
194,ALKS
195,ALKT
196,ALLK
197,ALLO
198,ALLT
199,ALNA
200,ALNY
201,ALOT
202,ALPN
203,ALRM
204,ALRN
205,ALRS
206,ALSK
207,ALT
208,ALTA
209,ALTM
210,ALTO
211,ALTR
212,ALTU
213,ALTUU
214,ALTUW
215,ALTY
216,ALVR
217,ALXN
218,ALXO
219,ALYA
220,ALZN
221,AMAL
222,AMAO
223,AMAOU
224,AMAOW
225,AMAT
226,AMBA
227,AMCA
228,AMCX
229,AMD
230,AMED
231,AMEH
232,AMGN
233,AMHC
234,AMHCU
235,AMHCW
236,AMKR
237,AMNB
238,AMOT
239,AMPG
240,AMPGW
241,AMPH
242,AMRB
243,AMRK
244,AMRN
245,AMRS
246,AMSC
247,AMSF
248,AMST
249,AMSWA
250,AMTB
251,AMTBB
252,AMTI
253,AMTX
254,AMWD
255,AMYT
256,AMZN
257,ANAB
258,ANAT
259,ANDA
260,ANDAR
261,ANDAU
262,ANDAW
263,ANDE
264,ANEB
265,ANGI
266,ANGL
267,ANGN
268,ANGO
269,ANIK
270,ANIP
271,ANIX
272,ANNX
273,ANPC
274,ANSS
275,ANTE
276,ANY
277,ANZU
278,ANZUU
279,ANZUW
280,AOSL
281,AOUT
282,APA
283,APDN
284,APEI
285,APEN
286,API
287,APLS
288,APLT
289,APM
290,APOG
291,APOP
292,APOPW
293,APP
294,APPF
295,APPH
296,APPHW
297,APPN
298,APPS
299,APR
300,APRE
301,APTO
302,APTX
303,APVO
304,APWC
305,APXT
306,APXTU
307,APXTW
308,APYX
309,AQB
310,AQMS
311,AQST
312,AQWA
313,ARAV
314,ARAY
315,ARBG
316,ARBGU
317,ARBGW
318,ARCB
319,ARCC
320,ARCE
321,ARCT
322,ARDS
323,ARDX
324,AREC
325,ARGX
326,ARKO
327,ARKOW
328,ARKR
329,ARLP
330,ARNA
331,AROW
332,ARPO
333,ARQT
334,ARRW
335,ARRWU
336,ARRWW
337,ARRY
338,ARTAU
339,ARTL
340,ARTLW
341,ARTNA
342,ARTW
343,ARVL
344,ARVLW
345,ARVN
346,ARWR
347,ARYD
348,ASAX
349,ASAXU
350,ASAXW
351,ASET
352,ASLE
353,ASLEW
354,ASLN
355,ASMB
356,ASML
357,ASND
358,ASO
359,ASPC
360,ASPCU
361,ASPCW
362,ASPS
363,ASPU
364,ASRT
365,ASRV
366,ASRVP
367,ASTC
368,ASTE
369,ASTS
370,ASTSW
371,ASUR
372,ASYS
373,ATAI
374,ATAX
375,ATCOL
376,ATCX
377,ATEC
378,ATER
379,ATEX
380,ATHA
381,ATHE
382,ATHX
383,ATIF
384,ATLC
385,ATLCP
386,ATLO
387,ATNF
388,ATNFW
389,ATNI
390,ATNX
391,ATOM
392,ATOS
393,ATRA
394,ATRC
395,ATRI
396,ATRO
397,ATRS
398,ATSG
399,ATSPT
400,ATSPU
401,ATSPW
402,ATVC
403,ATVCU
404,ATVCW
405,ATVI
406,ATXI
407,ATY
408,AUB
409,AUBAP
410,AUBN
411,AUDC
412,AUPH
413,AURC
414,AURCU
415,AURCW
416,AUTL
417,AUTO
418,AUUD
419,AUUDW
420,AUVI
421,AVAH
422,AVAV
423,AVCO
424,AVCT
425,AVCTW
426,AVDL
427,AVEO
428,AVGO
429,AVGOP
430,AVGR
431,AVID
432,AVIR
433,AVNW
434,AVO
435,AVRO
436,AVT
437,AVXL
438,AWH
439,AWRE
440,AXAS
441,AXDX
442,AXGN
443,AXLA
444,AXNX
445,AXON
446,AXSM
447,AXTI
448,AY
449,AYLA
450,AYRO
451,AYTU
452,AZN
453,AZPN
454,AZRX
455,AZYO
456,BAND
457,BANF
458,BANFP
459,BANR
460,BANX
461,BAOS
462,BATRA
463,BATRK
464,BBBY
465,BBCP
466,BBGI
467,BBH
468,BBI
469,BBIG
470,BBIO
471,BBQ
472,BBSI
473,BCAB
474,BCAC
475,BCACU
476,BCACW
477,BCBP
478,BCDA
479,BCDAW
480,BCEL
481,BCLI
482,BCML
483,BCOR
484,BCOV
485,BCOW
486,BCPC
487,BCRX
488,BCTG
489,BCTX
490,BCTXW
491,BCYC
492,BCYP
493,BCYPU
494,BCYPW
495,BDSI
496,BDSX
497,BDTX
498,BEAM
499,BECN
500,BEEM
501,BEEMW
502,BELFA
503,BELFB
504,BENE
505,BENER
506,BENEU
507,BENEW
508,BFC
509,BFI
510,BFIIW
511,BFIN
512,BFIT
513,BFRA
514,BFST
515,BGCP
516,BGFV
517,BGNE
518,BGRN
519,BHAT
520,BHF
521,BHFAL
522,BHFAN
523,BHFAO
524,BHFAP
525,BHSE
526,BHSEU
527,BHSEW
528,BHTG
529,BIB
530,BICK
531,BIDU
532,BIGC
533,BIIB
534,BILI
535,BIMI
536,BIOC
537,BIOL
538,BIOT
539,BIOTU
540,BIOTW
541,BIOX
542,BIS
543,BITF
544,BIVI
545,BJK
546,BJRI
547,BKCC
548,BKEP
549,BKEPP
550,BKNG
551,BKSC
552,BKYI
553,BL
554,BLBD
555,BLCM
556,BLCN
557,BLCT
558,BLDE
559,BLDEW
560,BLDP
561,BLDR
562,BLFS
563,BLI
564,BLIN
565,BLKB
566,BLMN
567,BLNK
568,BLNKW
569,BLPH
570,BLRX
571,BLSA
572,BLTS
573,BLTSU
574,BLTSW
575,BLU
576,BLUE
577,BLUW
578,BLUWU
579,BLUWW
580,BMBL
581,BMEA
582,BMRA
583,BMRC
584,BMRN
585,BMTC
586,BND
587,BNDW
588,BNDX
589,BNFT
590,BNGO
591,BNGOW
592,BNR
593,BNSO
594,BNTC
595,BNTX
596,BOCH
597,BOKF
598,BOKFL
599,BOLT
600,BOMN
601,BON
602,BOOM
603,BOSC
604,BOTJ
605,BOTZ
606,BOWX
607,BOWXU
608,BOWXW
609,BOXL
610,BPFH
611,BPMC
612,BPOP
613,BPOPM
614,BPOPN
615,BPRN
616,BPTH
617,BPTS
618,BPY
619,BPYPN
620,BPYPO
621,BPYPP
622,BPYU
623,BPYUP
624,BRCN
625,BREZ
626,BREZR
627,BREZW
628,BRID
629,BRIV
630,BRIVU
631,BRIVW
632,BRKL
633,BRKR
634,BRKS
635,BRLI
636,BRLIR
637,BRLIU
638,BRLIW
639,BROG
640,BROGW
641,BRP
642,BRPM
643,BRPMU
644,BRPMW
645,BRQS
646,BRY
647,BSAE
648,BSBE
649,BSBK
650,BSCE
651,BSCL
652,BSCM
653,BSCN
654,BSCO
655,BSCP
656,BSCQ
657,BSCR
658,BSCS
659,BSCT
660,BSCU
661,BSDE
662,BSET
663,BSGAU
664,BSGM
665,BSJL
666,BSJM
667,BSJN
668,BSJO
669,BSJP
670,BSJQ
671,BSJR
672,BSJS
673,BSKY
674,BSKYU
675,BSKYW
676,BSML
677,BSMM
678,BSMN
679,BSMO
680,BSMP
681,BSMQ
682,BSMR
683,BSMS
684,BSMT
685,BSMU
686,BSQR
687,BSRR
688,BSVN
689,BSY
690,BTAI
691,BTAQ
692,BTAQU
693,BTAQW
694,BTB
695,BTBT
696,BTEC
697,BTNB
698,BTRS
699,BTRSW
700,BTWN
701,BTWNU
702,BTWNW
703,BUG
704,BUSE
705,BVS
706,BVXV
707,BWAC
708,BWACU
709,BWACW
710,BWAY
711,BWB
712,BWEN
713,BWFG
714,BWMN
715,BWMX
716,BXRX
717,BYFC
718,BYND
719,BYRN
720,BYSI
721,BYTS
722,BYTSU
723,BYTSW
724,BZ
725,BZUN
726,CAAS
727,CABA
728,CAC
729,CACC
730,CACG
731,CAHC
732,CAHCU
733,CAHCW
734,CAKE
735,CALA
736,CALB
737,CALM
738,CALT
739,CAMP
740,CAMT
741,CAN
742,CAPR
743,CAR
744,CARA
745,CARE
746,CARG
747,CARV
748,CARZ
749,CASA
750,CASH
751,CASI
752,CASS
753,CASY
754,CATB
755,CATC
756,CATH
757,CATY
758,CBAN
759,CBAT
760,CBAY
761,CBFV
762,CBIO
763,CBLI
764,CBMB
765,CBNK
766,CBRL
767,CBSH
768,CBTX
769,CCAP
770,CCB
771,CCBG
772,CCCC
773,CCD
774,CCLP
775,CCMP
776,CCNC
777,CCNE
778,CCNEP
779,CCOI
780,CCRC
781,CCRN
782,CCXI
783,CD
784,CDAK
785,CDC
786,CDEV
787,CDK
788,CDL
789,CDLX
790,CDMO
791,CDNA
792,CDNS
793,CDTX
794,CDW
795,CDXC
796,CDXS
797,CDZI
798,CECE
799,CEFA
800,CELC
801,CELH
802,CEMI
803,CENH
804,CENHU
805,CENHW
806,CENT
807,CENTA
808,CENX
809,CERC
810,CERE
811,CEREW
812,CERN
813,CERS
814,CERT
815,CETX
816,CETXP
817,CETXW
818,CEVA
819,CEY
820,CFA
821,CFAC
822,CFACU
823,CFACW
824,CFB
825,CFBK
826,CFFE
827,CFFEU
828,CFFEW
829,CFFI
830,CFFN
831,CFFVU
832,CFFVW
833,CFIV
834,CFIVU
835,CFIVW
836,CFLT
837,CFMS
838,CFO
839,CFRX
840,CFV
841,CFVI
842,CFVIU
843,CFVIW
844,CG
845,CGABL
846,CGBD
847,CGC
848,CGEM
849,CGEN
850,CGNT
851,CGNX
852,CGO
853,CGRN
854,CHB
855,CHCI
856,CHCO
857,CHDN
858,CHEF
859,CHEK
860,CHEKZ
861,CHI
862,CHK
863,CHKEL
864,CHKEW
865,CHKEZ
866,CHKP
867,CHMA
868,CHMG
869,CHNA
870,CHNG
871,CHNGU
872,CHNR
873,CHPM
874,CHPMU
875,CHPMW
876,CHRS
877,CHRW
878,CHSCL
879,CHSCM
880,CHSCN
881,CHSCO
882,CHSCP
883,CHTR
884,CHUY
885,CHW
886,CHX
887,CHY
888,CIBR
889,CID
890,CIDM
891,CIGI
892,CIH
893,CIL
894,CINF
895,CIVB
896,CIZ
897,CIZN
898,CJJD
899,CKPT
900,CLAR
901,CLBK
902,CLBS
903,CLDB
904,CLDX
905,CLEU
906,CLFD
907,CLGN
908,CLIR
909,CLLS
910,CLMT
911,CLNE
912,CLNN
913,CLNNW
914,CLOU
915,CLOV
916,CLOVW
917,CLPS
918,CLPT
919,CLRB
920,CLRG
921,CLRM
922,CLRMU
923,CLRMW
924,CLRO
925,CLSD
926,CLSK
927,CLSN
928,CLVR
929,CLVRW
930,CLVS
931,CLWT
932,CLXT
933,CMAX
934,CMAXW
935,CMBM
936,CMCO
937,CMCSA
938,CMCT
939,CMCTP
940,CME
941,CMII
942,CMIIU
943,CMIIW
944,CMLF
945,CMLFU
946,CMLFW
947,CMLS
948,CMLT
949,CMLTU
950,CMLTW
951,CMMB
952,CMPI
953,CMPR
954,CMPS
955,CMRX
956,CMTL
957,CNBKA
958,CNCE
959,CNCR
960,CNDT
961,CNET
962,CNEY
963,CNFR
964,CNFRL
965,CNNB
966,CNOB
967,CNSL
968,CNSP
969,CNST
970,CNTA
971,CNTB
972,CNTG
973,CNTY
974,CNXC
975,CNXN
976,COCP
977,CODA
978,CODX
979,COFS
980,COGT
981,COHR
982,COHU
983,COIN
984,COKE
985,COLB
986,COLI
987,COLIU
988,COLIW
989,COLL
990,COLM
991,COMM
992,COMS
993,COMSW
994,COMT
995,CONE
996,CONN
997,CONX
998,CONXU
999,CONXW
1000,COOL
1001,COOLU
1002,COOLW
1003,COOP
1004,CORE
1005,CORT
1006,COST
1007,COUP
1008,COVA
1009,COVAU
1010,COVAW
1011,COWN
1012,COWNL
1013,CPARU
1014,CPHC
1015,CPIX
1016,CPLP
1017,CPRT
1018,CPRX
1019,CPSH
1020,CPSI
1021,CPSS
1022,CPTA
1023,CPTAG
1024,CPTAL
1025,CPZ
1026,CRAI
1027,CRBP
1028,CRCT
1029,CRDF
1030,CREE
1031,CREG
1032,CRESW
1033,CRESY
1034,CREX
1035,CREXW
1036,CRIS
1037,CRKN
1038,CRMD
1039,CRMT
1040,CRNC
1041,CRNT
1042,CRNX
1043,CRON
1044,CROX
1045,CRSP
1046,CRSR
1047,CRTD
1048,CRTDW
1049,CRTO
1050,CRTX
1051,CRUS
1052,CRVL
1053,CRVS
1054,CRWD
1055,CRWS
1056,CRZN
1057,CRZNU
1058,CRZNW
1059,CSA
1060,CSB
1061,CSBR
1062,CSCO
1063,CSCW
1064,CSF
1065,CSGP
1066,CSGS
1067,CSII
1068,CSIQ
1069,CSML
1070,CSOD
1071,CSPI
1072,CSQ
1073,CSSE
1074,CSSEN
1075,CSSEP
1076,CSTE
1077,CSTL
1078,CSTR
1079,CSWC
1080,CSWI
1081,CSX
1082,CTAQ
1083,CTAQU
1084,CTAQW
1085,CTAS
1086,CTBI
1087,CTEC
1088,CTG
1089,CTHR
1090,CTIB
1091,CTIC
1092,CTLP
1093,CTMX
1094,CTRE
1095,CTRM
1096,CTRN
1097,CTSH
1098,CTSO
1099,CTXR
1100,CTXRW
1101,CTXS
1102,CUBA
1103,CUE
1104,CUEN
1105,CUENW
1106,CURI
1107,CURIW
1108,CUTR
1109,CVAC
1110,CVBF
1111,CVCO
1112,CVCY
1113,CVET
1114,CVGI
1115,CVGW
1116,CVLG
1117,CVLT
1118,CVLY
1119,CVV
1120,CWBC
1121,CWBR
1122,CWCO
1123,CWST
1124,CXDC
1125,CXDO
1126,CXSE
1127,CYAD
1128,CYAN
1129,CYBE
1130,CYBR
1131,CYCC
1132,CYCCP
1133,CYCN
1134,CYRN
1135,CYRX
1136,CYT
1137,CYTH
1138,CYTHW
1139,CYTK
1140,CZNC
1141,CZR
1142,CZWI
1143,DADA
1144,DAIO
1145,DAKT
1146,DALI
1147,DAPP
1148,DARE
1149,DAWN
1150,DAX
1151,DBDR
1152,DBDRU
1153,DBDRW
1154,DBGI
1155,DBGIW
1156,DBTX
1157,DBVT
1158,DBX
1159,DCBO
1160,DCOM
1161,DCOMP
1162,DCPH
1163,DCRB
1164,DCRBU
1165,DCRBW
1166,DCRC
1167,DCRCU
1168,DCRCW
1169,DCRN
1170,DCRNU
1171,DCRNW
1172,DCT
1173,DCTH
1174,DDIV
1175,DDMX
1176,DDMXU
1177,DDMXW
1178,DDOG
1179,DEMZ
1180,DENN
1181,DFFN
1182,DFH
1183,DFPH
1184,DFPHU
1185,DFPHW
1186,DGICA
1187,DGICB
1188,DGII
1189,DGLY
1190,DGNS
1191,DGNU
1192,DGRE
1193,DGRS
1194,DGRW
1195,DHBC
1196,DHBCU
1197,DHBCW
1198,DHC
1199,DHCA
1200,DHCAU
1201,DHCAW
1202,DHCNI
1203,DHCNL
1204,DHHC
1205,DHHCU
1206,DHHCW
1207,DHIL
1208,DIBS
1209,DILAU
1210,DIOD
1211,DISA
1212,DISAU
1213,DISAW
1214,DISCA
1215,DISCB
1216,DISCK
1217,DISH
1218,DJCO
1219,DKDCA
1220,DKDCU
1221,DKDCW
1222,DKNG
1223,DLCA
1224,DLCAU
1225,DLCAW
1226,DLHC
1227,DLO
1228,DLPN
1229,DLTH
1230,DLTR
1231,DMAC
1232,DMLP
1233,DMRC
1234,DMTK
1235,DMXF
1236,DNAY
1237,DNLI
1238,DOCU
1239,DOGZ
1240,DOMO
1241,DOOO
1242,DORM
1243,DOX
1244,DOYU
1245,DRIO
1246,DRIV
1247,DRNA
1248,DRRX
1249,DRTT
1250,DRVN
1251,DSAC
1252,DSACU
1253,DSACW
1254,DSEY
1255,DSGN
1256,DSGX
1257,DSKE
1258,DSKEW
1259,DSP
1260,DSPG
1261,DSWL
1262,DTEA
1263,DTIL
1264,DTOC
1265,DTOCU
1266,DTOCW
1267,DTSS
1268,DTST
1269,DTSTW
1270,DUNE
1271,DUNEU
1272,DUNEW
1273,DUO
1274,DUOT
1275,DVAX
1276,DVLU
1277,DVOL
1278,DVY
1279,DWAS
1280,DWAT
1281,DWAW
1282,DWCR
1283,DWEQ
1284,DWMC
1285,DWPP
1286,DWSH
1287,DWSN
1288,DWUS
1289,DXCM
1290,DXGE
1291,DXJS
1292,DXPE
1293,DXYN
1294,DYAI
1295,DYN
1296,DYNS
1297,DYNT
1298,DZSI
1299,EA
1300,EAC
1301,EACPU
1302,EACPW
1303,EAR
1304,EARS
1305,EAST
1306,EBAC
1307,EBACU
1308,EBACW
1309,EBAY
1310,EBC
1311,EBET
1312,EBIX
1313,EBIZ
1314,EBMT
1315,EBON
1316,EBSB
1317,EBTC
1318,ECHO
1319,ECOL
1320,ECOLW
1321,ECOR
1322,ECOW
1323,ECPG
1324,EDAP
1325,EDIT
1326,EDOC
1327,EDRY
1328,EDSA
1329,EDTK
1330,EDTX
1331,EDTXU
1332,EDTXW
1333,EDUC
1334,EDUT
1335,EEFT
1336,EEIQ
1337,EEMA
1338,EFAS
1339,EFOI
1340,EFSC
1341,EGAN
1342,EGBN
1343,EGLE
1344,EGLX
1345,EGRX
1346,EH
1347,EHTH
1348,EIGR
1349,EJFA
1350,EJFAU
1351,EJFAW
1352,EJH
1353,EKSO
1354,ELDN
1355,ELEV
1356,ELMS
1357,ELMSW
1358,ELOX
1359,ELSE
1360,ELTK
1361,ELYS
1362,EM
1363,EMB
1364,EMCB
1365,EMCF
1366,EMIF
1367,EMKR
1368,EML
1369,EMXC
1370,EMXF
1371,ENDP
1372,ENFA
1373,ENFAU
1374,ENFAW
1375,ENG
1376,ENLV
1377,ENNV
1378,ENNVU
1379,ENNVW
1380,ENOB
1381,ENPH
1382,ENSG
1383,ENTA
1384,ENTG
1385,ENTX
1386,ENTXW
1387,ENVB
1388,ENVI
1389,ENVIU
1390,ENVIW
1391,ENZL
1392,EOLS
1393,EOSE
1394,EOSEW
1395,EPAY
1396,EPHY
1397,EPHYU
1398,EPHYW
1399,EPIX
1400,EPSN
1401,EPZM
1402,EQ
1403,EQBK
1404,EQIX
1405,EQOS
1406,EQRR
1407,ERES
1408,ERESU
1409,ERESW
1410,ERIC
1411,ERIE
1412,ERII
1413,ERYP
1414,ESBK
1415,ESCA
1416,ESEA
1417,ESGD
1418,ESGE
1419,ESGR
1420,ESGRO
1421,ESGRP
1422,ESGU
1423,ESLT
1424,ESPO
1425,ESPR
1426,ESQ
1427,ESSA
1428,ESSC
1429,ESSCR
1430,ESSCU
1431,ESSCW
1432,ESTA
1433,ESXB
1434,ETAC
1435,ETACU
1436,ETACW
1437,ETNB
1438,ETON
1439,ETSY
1440,ETTX
1441,EUCR
1442,EUCRU
1443,EUCRW
1444,EUFN
1445,EUSG
1446,EUSGU
1447,EUSGW
1448,EVAX
1449,EVBG
1450,EVER
1451,EVFM
1452,EVGBC
1453,EVGN
1454,EVK
1455,EVLMC
1456,EVLO
1457,EVOJ
1458,EVOJU
1459,EVOJW
1460,EVOK
1461,EVOL
1462,EVOP
1463,EVSTC
1464,EWBC
1465,EWEB
1466,EWJE
1467,EWJV
1468,EWTX
1469,EWZS
1470,EXAS
1471,EXC
1472,EXEL
1473,EXFO
1474,EXLS
1475,EXPD
1476,EXPE
1477,EXPI
1478,EXPO
1479,EXTR
1480,EYE
1481,EYEG
1482,EYEN
1483,EYES
1484,EYESW
1485,EYPT
1486,EZGO
1487,EZPW
1488,FA
1489,FAAR
1490,FAB
1491,FAD
1492,FALN
1493,FAMI
1494,FANG
1495,FANH
1496,FARM
1497,FARO
1498,FAST
1499,FAT
1500,FATBP
1501,FATBW
1502,FATE
1503,FB
1504,FBIO
1505,FBIOP
1506,FBIZ
1507,FBMS
1508,FBNC
1509,FBRX
1510,FBZ
1511,FCA
1512,FCAC
1513,FCACU
1514,FCACW
1515,FCAL
1516,FCAP
1517,FCBC
1518,FCBP
1519,FCCO
1520,FCCY
1521,FCEF
1522,FCEL
1523,FCFS
1524,FCNCA
1525,FCNCP
1526,FCRD
1527,FCVT
1528,FDBC
1529,FDIV
1530,FDMT
1531,FDNI
1532,FDT
1533,FDTS
1534,FDUS
1535,FDUSG
1536,FDUSZ
1537,FEIM
1538,FELE
1539,FEM
1540,FEMB
1541,FEMS
1542,FEMY
1543,FENC
1544,FEP
1545,FEUZ
1546,FEX
1547,FEYE
1548,FFBC
1549,FFBW
1550,FFHL
1551,FFIC
1552,FFIN
1553,FFIV
1554,FFNW
1555,FFWM
1556,FGBI
1557,FGBIP
1558,FGEN
1559,FGF
1560,FGFPP
1561,FGM
1562,FHB
1563,FHTX
1564,FIBK
1565,FICS
1566,FID
1567,FINM
1568,FINMU
1569,FINMW
1570,FINX
1571,FISI
1572,FISV
1573,FITB
1574,FITBI
1575,FITBO
1576,FITBP
1577,FIVE
1578,FIVN
1579,FIXD
1580,FIXX
1581,FIZZ
1582,FJP
1583,FKU
1584,FKWL
1585,FLAC
1586,FLACU
1587,FLACW
1588,FLDM
1589,FLEX
1590,FLGC
1591,FLGT
1592,FLIC
1593,FLL
1594,FLMN
1595,FLMNW
1596,FLN
1597,FLNT
1598,FLUX
1599,FLWS
1600,FLXN
1601,FLXS
1602,FLYW
1603,FMAO
1604,FMB
1605,FMBH
1606,FMBI
1607,FMBIO
1608,FMBIP
1609,FMHI
1610,FMIV
1611,FMIVU
1612,FMIVW
1613,FMNB
1614,FMTX
1615,FNCB
1616,FNCH
1617,FNHC
1618,FNK
1619,FNKO
1620,FNLC
1621,FNWB
1622,FNX
1623,FNY
1624,FOCS
1625,FOLD
1626,FONR
1627,FORA
1628,FORD
1629,FORE
1630,FOREU
1631,FOREW
1632,FORM
1633,FORR
1634,FORTY
1635,FOSL
1636,FOX
1637,FOXA
1638,FOXF
1639,FOXW
1640,FOXWU
1641,FOXWW
1642,FPA
1643,FPAY
1644,FPXE
1645,FPXI
1646,FRAF
1647,FRBA
1648,FRBK
1649,FREE
1650,FREEW
1651,FREQ
1652,FRG
1653,FRGAP
1654,FRGI
1655,FRHC
1656,FRLN
1657,FRME
1658,FROG
1659,FRON
1660,FRONU
1661,FRONW
1662,FRPH
1663,FRPT
1664,FRSG
1665,FRSGU
1666,FRSGW
1667,FRST
1668,FRSX
1669,FRTA
1670,FRW
1671,FRWAU
1672,FRWAW
1673,FSBC
1674,FSBW
1675,FSEA
1676,FSFG
1677,FSII
1678,FSLR
1679,FSRX
1680,FSRXU
1681,FSRXW
1682,FSSI
1683,FSSIU
1684,FSSIW
1685,FSTR
1686,FSTX
1687,FSV
1688,FSZ
1689,FTA
1690,FTAA
1691,FTAAU
1692,FTAAW
1693,FTAG
1694,FTC
1695,FTCI
1696,FTCS
1697,FTCV
1698,FTCVU
1699,FTCVW
1700,FTDR
1701,FTEK
1702,FTFT
1703,FTGC
1704,FTHI
1705,FTHM
1706,FTLB
1707,FTNT
1708,FTPA
1709,FTPAU
1710,FTPAW
1711,FTRI
1712,FTSL
1713,FTSM
1714,FTVIU
1715,FTXD
1716,FTXG
1717,FTXH
1718,FTXL
1719,FTXN
1720,FTXO
1721,FTXR
1722,FULC
1723,FULT
1724,FULTP
1725,FUNC
1726,FUND
1727,FUSB
1728,FUSN
1729,FUTU
1730,FUV
1731,FV
1732,FVAM
1733,FVC
1734,FVCB
1735,FVE
1736,FWAA
1737,FWAC
1738,FWONA
1739,FWONK
1740,FWP
1741,FWRD
1742,FXNC
1743,FYBR
1744,FYC
1745,FYT
1746,FYX
1747,GABC
1748,GACQU
1749,GAIA
1750,GAIN
1751,GAINL
1752,GAINN
1753,GALT
1754,GAMC
1755,GAMCU
1756,GAMCW
1757,GAME
1758,GAN
1759,GANX
1760,GASS
1761,GBCI
1762,GBDC
1763,GBIO
1764,GBLI
1765,GBLIL
1766,GBNH
1767,GBNY
1768,GBOX
1769,GBRG
1770,GBRGR
1771,GBRGU
1772,GBRGW
1773,GBS
1774,GBT
1775,GCAC
1776,GCACU
1777,GCACW
1778,GCBC
1779,GCMG
1780,GCMGW
1781,GDEN
1782,GDRX
1783,GDS
1784,GDYN
1785,GDYNW
1786,GECC
1787,GECCL
1788,GECCM
1789,GECCN
1790,GECCO
1791,GEG
1792,GENC
1793,GENE
1794,GENY
1795,GEOS
1796,GERN
1797,GEVO
1798,GFED
1799,GGAL
1800,GGMC
1801,GGMCU
1802,GGMCW
1803,GGPI
1804,GGPIU
1805,GGPIW
1806,GH
1807,GHAC
1808,GHACU
1809,GHACW
1810,GHRS
1811,GHSI
1812,GHVI
1813,GHVIU
1814,GHVIW
1815,GIFI
1816,GIG
1817,GIGE
1818,GIGGU
1819,GIGGW
1820,GIGM
1821,GIII
1822,GIIX
1823,GIIXU
1824,GIIXW
1825,GILD
1826,GILT
1827,GIWWU
1828,GLAD
1829,GLADL
1830,GLAQ
1831,GLAQU
1832,GLAQW
1833,GLBE
1834,GLBL
1835,GLBLU
1836,GLBLW
1837,GLBS
1838,GLBZ
1839,GLDD
1840,GLDI
1841,GLG
1842,GLHA
1843,GLHAU
1844,GLHAW
1845,GLMD
1846,GLNG
1847,GLPG
1848,GLPI
1849,GLRE
1850,GLSI
1851,GLSPT
1852,GLSPU
1853,GLSPW
1854,GLTO
1855,GLUE
1856,GLYC
1857,GMAB
1858,GMBL
1859,GMBLW
1860,GMBT
1861,GMBTU
1862,GMBTW
1863,GMDA
1864,GMII
1865,GMIIU
1866,GMIIW
1867,GMTX
1868,GMVD
1869,GMVDW
1870,GNAC
1871,GNACU
1872,GNACW
1873,GNCA
1874,GNFT
1875,GNLN
1876,GNMA
1877,GNOG
1878,GNOM
1879,GNPX
1880,GNSS
1881,GNTX
1882,GNTY
1883,GNUS
1884,GO
1885,GOCO
1886,GOEV
1887,GOEVW
1888,GOGL
1889,GOGO
1890,GOOD
1891,GOODM
1892,GOODN
1893,GOOG
1894,GOOGL
1895,GOSS
1896,GOVX
1897,GOVXW
1898,GP
1899,GPAC
1900,GPACU
1901,GPACW
1902,GPCOU
1903,GPP
1904,GPRE
1905,GPRO
1906,GRAY
1907,GRBK
1908,GRCL
1909,GRCY
1910,GRCYU
1911,GRCYW
1912,GRFS
1913,GRID
1914,GRIL
1915,GRIN
1916,GRMN
1917,GRNQ
1918,GRNV
1919,GRNVR
1920,GRNVU
1921,GRNVW
1922,GROM
1923,GROMW
1924,GROW
1925,GRPH
1926,GRPN
1927,GRSV
1928,GRSVU
1929,GRSVW
1930,GRTS
1931,GRTX
1932,GRUB
1933,GRVI
1934,GRVY
1935,GRWG
1936,GSAQ
1937,GSAQU
1938,GSAQW
1939,GSBC
1940,GSEV
1941,GSEVU
1942,GSEVW
1943,GSHD
1944,GSIT
1945,GSKY
1946,GSM
1947,GSMG
1948,GSMGW
1949,GT
1950,GTBP
1951,GTEC
1952,GTH
1953,GTHX
1954,GTIM
1955,GTPA
1956,GTPAU
1957,GTPAW
1958,GTPB
1959,GTPBU
1960,GTPBW
1961,GTX
1962,GTYH
1963,GURE
1964,GVP
1965,GWAC
1966,GWACW
1967,GWGH
1968,GWRS
1969,GXGX
1970,GXGXU
1971,GXGXW
1972,GXII
1973,GXIIU
1974,GXIIW
1975,GXTG
1976,GYRO
1977,HA
1978,HAAC
1979,HAACU
1980,HAACW
1981,HAFC
1982,HAIN
1983,HALL
1984,HALO
1985,HAPP
1986,HARP
1987,HAS
1988,HAYN
1989,HBAN
1990,HBANM
1991,HBANN
1992,HBANO
1993,HBANP
1994,HBCP
1995,HBIO
1996,HBMD
1997,HBNC
1998,HBP
1999,HBT
2000,HCAPZ
2001,HCAQ
2002,HCAR
2003,HCARU
2004,HCARW
2005,HCAT
2006,HCCC
2007,HCCCU
2008,HCCCW
2009,HCCI
2010,HCDI
2011,HCDIP
2012,HCDIW
2013,HCIC
2014,HCICU
2015,HCICW
2016,HCII
2017,HCIIU
2018,HCIIW
2019,HCKT
2020,HCM
2021,HCNEU
2022,HCSG
2023,HDSN
2024,HEAR
2025,HEES
2026,HELE
2027,HEPA
2028,HERA
2029,HERAU
2030,HERAW
2031,HERD
2032,HERO
2033,HEWG
2034,HFBL
2035,HFFG
2036,HFWA
2037,HGBL
2038,HGEN
2039,HGSH
2040,HHR
2041,HIBB
2042,HIFS
2043,HIHO
2044,HIII
2045,HIIIU
2046,HIIIW
2047,HIMX
2048,HITI
2049,HJLI
2050,HJLIW
2051,HLAH
2052,HLAHU
2053,HLAHW
2054,HLAL
2055,HLG
2056,HLIO
2057,HLIT
2058,HLNE
2059,HLXA
2060,HMCO
2061,HMCOU
2062,HMCOW
2063,HMHC
2064,HMNF
2065,HMPT
2066,HMST
2067,HMTV
2068,HNDL
2069,HNNA
2070,HNRG
2071,HNST
2072,HOFT
2073,HOFV
2074,HOFVW
2075,HOL
2076,HOLI
2077,HOLUU
2078,HOLUW
2079,HOLX
2080,HOMB
2081,HON
2082,HONE
2083,HOOK
2084,HOPE
2085,HOTH
2086,HOVNP
2087,HOWL
2088,HPK
2089,HPKEW
2090,HQI
2091,HQY
2092,HRMY
2093,HROW
2094,HROWL
2095,HRTX
2096,HRZN
2097,HSAQ
2098,HSDT
2099,HSIC
2100,HSII
2101,HSKA
2102,HSON
2103,HST
2104,HSTM
2105,HSTO
2106,HTBI
2107,HTBK
2108,HTBX
2109,HTGM
2110,HTHT
2111,HTIA
2112,HTLD
2113,HTLF
2114,HTLFP
2115,HTOO
2116,HTOOW
2117,HUBG
2118,HUDI
2119,HUGE
2120,HUIZ
2121,HURC
2122,HURN
2123,HUSN
2124,HUT
2125,HVBC
2126,HWBK
2127,HWC
2128,HWCPZ
2129,HWKN
2130,HX
2131,HYAC
2132,HYACU
2133,HYACW
2134,HYFM
2135,HYLS
2136,HYMC
2137,HYMCL
2138,HYMCW
2139,HYMCZ
2140,HYRE
2141,HYW
2142,HYXF
2143,HYZD
2144,HZNP
2145,IAC
2146,IART
2147,IBB
2148,IBBJ
2149,IBBQ
2150,IBCP
2151,IBEX
2152,IBKR
2153,IBOC
2154,IBRX
2155,IBTA
2156,IBTB
2157,IBTD
2158,IBTE
2159,IBTF
2160,IBTG
2161,IBTH
2162,IBTI
2163,IBTJ
2164,IBTK
2165,IBTX
2166,ICAD
2167,ICBK
2168,ICCC
2169,ICCH
2170,ICFI
2171,ICHR
2172,ICLK
2173,ICLN
2174,ICLR
2175,ICMB
2176,ICON
2177,ICPT
2178,ICUI
2179,IDBA
2180,IDCC
2181,IDEX
2182,IDLB
2183,IDN
2184,IDRA
2185,IDXX
2186,IDYA
2187,IEA
2188,IEAWW
2189,IEC
2190,IEF
2191,IEI
2192,IEP
2193,IESC
2194,IEUS
2195,IFBD
2196,IFGL
2197,IFMK
2198,IFRX
2199,IFV
2200,IGAC
2201,IGACU
2202,IGACW
2203,IGF
2204,IGIB
2205,IGIC
2206,IGICW
2207,IGMS
2208,IGNY
2209,IGNYU
2210,IGNYW
2211,IGOV
2212,IGSB
2213,IHRT
2214,IHYF
2215,III
2216,IIII
2217,IIIIU
2218,IIIIW
2219,IIIV
2220,IIN
2221,IIVI
2222,IIVIP
2223,IJT
2224,IKNA
2225,IKNX
2226,IKT
2227,ILMN
2228,ILPT
2229,IMAB
2230,IMAC
2231,IMACW
2232,IMBI
2233,IMCC
2234,IMCR
2235,IMCV
2236,IMGN
2237,IMKTA
2238,IMMP
2239,IMMR
2240,IMNM
2241,IMOS
2242,IMPL
2243,IMRA
2244,IMRN
2245,IMRNW
2246,IMTE
2247,IMTX
2248,IMTXW
2249,IMUX
2250,IMV
2251,IMVT
2252,IMXI
2253,INBK
2254,INBKL
2255,INBKZ
2256,INBX
2257,INCY
2258,INDB
2259,INDI
2260,INDIW
2261,INDT
2262,INDY
2263,INFI
2264,INFN
2265,INFR
2266,INGN
2267,INKA
2268,INKAU
2269,INKAW
2270,INM
2271,INMB
2272,INMD
2273,INNV
2274,INO
2275,INOD
2276,INOV
2277,INPX
2278,INSE
2279,INSG
2280,INSM
2281,INTC
2282,INTG
2283,INTU
2284,INTZ
2285,INVA
2286,INVE
2287,INVO
2288,INVZ
2289,INVZW
2290,INZY
2291,IONS
2292,IOSP
2293,IOVA
2294,IPA
2295,IPAR
2296,IPDN
2297,IPGP
2298,IPHA
2299,IPKW
2300,IPLDP
2301,IPSC
2302,IPVI
2303,IPVIU
2304,IPVIW
2305,IPW
2306,IPWR
2307,IQ
2308,IRBT
2309,IRCP
2310,IRDM
2311,IRIX
2312,IRMD
2313,IROQ
2314,IRTC
2315,IRWD
2316,ISAA
2317,ISBC
2318,ISDX
2319,ISEE
2320,ISEM
2321,ISHG
2322,ISIG
2323,ISLE
2324,ISLEW
2325,ISNS
2326,ISPC
2327,ISRG
2328,ISSC
2329,ISTB
2330,ISTR
2331,ISUN
2332,ITAC
2333,ITACU
2334,ITACW
2335,ITCI
2336,ITHX
2337,ITHXU
2338,ITHXW
2339,ITI
2340,ITIC
2341,ITMR
2342,ITOS
2343,ITQ
2344,ITQRU
2345,ITQRW
2346,ITRI
2347,ITRM
2348,ITRN
2349,IUS
2350,IUSB
2351,IUSG
2352,IUSS
2353,IUSV
2354,IVA
2355,IVAC
2356,IXUS
2357,IZEA
2358,JACK
2359,JAGX
2360,JAKK
2361,JAMF
2362,JAN
2363,JANX
2364,JAZZ
2365,JBHT
2366,JBLU
2367,JBSS
2368,JCIC
2369,JCICU
2370,JCICW
2371,JCOM
2372,JCS
2373,JCTCF
2374,JD
2375,JFIN
2376,JFU
2377,JG
2378,JJSF
2379,JKHY
2380,JMPNL
2381,JMPNZ
2382,JNCE
2383,JOAN
2384,JOBS
2385,JOET
2386,JOFF
2387,JOFFU
2388,JOFFW
2389,JOUT
2390,JRJC
2391,JRSH
2392,JRVR
2393,JSM
2394,JSMD
2395,JSML
2396,JUGGU
2397,JUPW
2398,JUPWW
2399,JVA
2400,JWEL
2401,JYAC
2402,JYNT
2403,JZXN
2404,KAII
2405,KAIIU
2406,KAIIW
2407,KAIR
2408,KAIRU
2409,KAIRW
2410,KALA
2411,KALU
2412,KALV
2413,KARO
2414,KBAL
2415,KBNT
2416,KBNTW
2417,KBSF
2418,KBWB
2419,KBWD
2420,KBWP
2421,KBWR
2422,KBWY
2423,KC
2424,KDMN
2425,KDNY
2426,KDP
2427,KE
2428,KEJI
2429,KELYA
2430,KELYB
2431,KEQU
2432,KERN
2433,KERNW
2434,KFFB
2435,KFRC
2436,KHC
2437,KIDS
2438,KIII
2439,KIIIU
2440,KIIIW
2441,KIN
2442,KINS
2443,KINZ
2444,KINZU
2445,KINZW
2446,KIRK
2447,KLAC
2448,KLAQ
2449,KLAQU
2450,KLAQW
2451,KLDO
2452,KLIC
2453,KLXE
2454,KMDA
2455,KMPH
2456,KNBE
2457,KNDI
2458,KNSA
2459,KNSL
2460,KNTE
2461,KOD
2462,KOPN
2463,KOR
2464,KOSS
2465,KPLT
2466,KPLTW
2467,KPTI
2468,KRBP
2469,KRKR
2470,KRMA
2471,KRMD
2472,KRNL
2473,KRNLU
2474,KRNLW
2475,KRNT
2476,KRNY
2477,KRON
2478,KROS
2479,KRT
2480,KRTX
2481,KRUS
2482,KRYS
2483,KSI
2484,KSICU
2485,KSICW
2486,KSMT
2487,KSMTU
2488,KSMTW
2489,KSPN
2490,KTCC
2491,KTOS
2492,KTRA
2493,KURA
2494,KURI
2495,KURIU
2496,KURIW
2497,KVHI
2498,KVSA
2499,KVSB
2500,KVSC
2501,KXIN
2502,KYMR
2503,KZIA
2504,KZR
2505,LAAAU
2506,LABP
2507,LAKE
2508,LAMR
2509,LANC
2510,LAND
2511,LANDM
2512,LANDO
2513,LARK
2514,LASR
2515,LATN
2516,LATNU
2517,LATNW
2518,LAUR
2519,LAWS
2520,LAZR
2521,LAZY
2522,LBAI
2523,LBC
2524,LBPH
2525,LBPS
2526,LBPSW
2527,LBRDA
2528,LBRDK
2529,LBRDP
2530,LBTYA
2531,LBTYB
2532,LBTYK
2533,LCA
2534,LCAA
2535,LCAAU
2536,LCAAW
2537,LCAHU
2538,LCAHW
2539,LCAP
2540,LCAPU
2541,LCAPW
2542,LCNB
2543,LCUT
2544,LCY
2545,LCYAU
2546,LCYAW
2547,LDEM
2548,LDHA
2549,LDHAU
2550,LDHAW
2551,LDSF
2552,LE
2553,LECO
2554,LEDS
2555,LEE
2556,LEGA
2557,LEGAU
2558,LEGAW
2559,LEGH
2560,LEGN
2561,LEGO
2562,LEGOU
2563,LEGOW
2564,LEGR
2565,LESL
2566,LEVL
2567,LEVLP
2568,LEXX
2569,LEXXW
2570,LFMD
2571,LFST
2572,LFTR
2573,LFTRU
2574,LFTRW
2575,LFUS
2576,LFVN
2577,LGAC
2578,LGACU
2579,LGACW
2580,LGBT
2581,LGHL
2582,LGHLW
2583,LGIH
2584,LGND
2585,LGO
2586,LGVN
2587,LHAA
2588,LHCG
2589,LHDX
2590,LI
2591,LIFE
2592,LILA
2593,LILAK
2594,LINC
2595,LIND
2596,LINK
2597,LIQT
2598,LITE
2599,LITTU
2600,LIVE
2601,LIVK
2602,LIVKU
2603,LIVKW
2604,LIVN
2605,LIVX
2606,LIXT
2607,LIXTW
2608,LIZI
2609,LJAQ
2610,LJAQU
2611,LJAQW
2612,LJPC
2613,LKCO
2614,LKFN
2615,LKQ
2616,LLNW
2617,LMACA
2618,LMACU
2619,LMACW
2620,LMAO
2621,LMAOU
2622,LMAOW
2623,LMAT
2624,LMB
2625,LMBS
2626,LMFA
2627,LMNL
2628,LMNR
2629,LMNX
2630,LMPX
2631,LMRK
2632,LMRKN
2633,LMRKO
2634,LMRKP
2635,LMST
2636,LNDC
2637,LNSR
2638,LNT
2639,LNTH
2640,LOAN
2641,LOB
2642,LOCO
2643,LOGC
2644,LOGI
2645,LOOP
2646,LOPE
2647,LORL
2648,LOTZ
2649,LOTZW
2650,LOVE
2651,LPCN
2652,LPLA
2653,LPRO
2654,LPSN
2655,LPTH
2656,LPTX
2657,LQDA
2658,LQDT
2659,LRCX
2660,LRGE
2661,LRMR
2662,LSAQ
2663,LSBK
2664,LSCC
2665,LSEA
2666,LSEAW
2667,LSTR
2668,LSXMA
2669,LSXMB
2670,LSXMK
2671,LTBR
2672,LTCH
2673,LTCHW
2674,LTRN
2675,LTRPA
2676,LTRPB
2677,LTRX
2678,LULU
2679,LUMO
2680,LUNA
2681,LUNG
2682,LUXA
2683,LUXAU
2684,LUXAW
2685,LVHD
2686,LVOX
2687,LVOXU
2688,LVOXW
2689,LVRA
2690,LVRAU
2691,LVRAW
2692,LVTX
2693,LWAC
2694,LWACU
2695,LWACW
2696,LWAY
2697,LX
2698,LXEH
2699,LXRX
2700,LYEL
2701,LYFT
2702,LYL
2703,LYRA
2704,LYTS
2705,MAAC
2706,MAACU
2707,MAACW
2708,MACA
2709,MACAU
2710,MACAW
2711,MACK
2712,MACQ
2713,MACQU
2714,MACQW
2715,MACU
2716,MACUU
2717,MACUW
2718,MAGS
2719,MANH
2720,MANT
2721,MAPS
2722,MAPSW
2723,MAQC
2724,MAQCU
2725,MAQCW
2726,MAR
2727,MARA
2728,MARK
2729,MARPS
2730,MASI
2731,MASS
2732,MAT
2733,MATW
2734,MAXN
2735,MAYS
2736,MBB
2737,MBCN
2738,MBII
2739,MBIN
2740,MBINN
2741,MBINO
2742,MBINP
2743,MBIO
2744,MBNKP
2745,MBOT
2746,MBRX
2747,MBTC
2748,MBTCR
2749,MBTCU
2750,MBUU
2751,MBWM
2752,MCAD
2753,MCADR
2754,MCADU
2755,MCAE
2756,MCAER
2757,MCAEU
2758,MCBC
2759,MCBS
2760,MCEF
2761,MCFE
2762,MCFT
2763,MCHI
2764,MCHP
2765,MCHX
2766,MCMJ
2767,MCMJW
2768,MCRB
2769,MCRI
2770,MDB
2771,MDCA
2772,MDGL
2773,MDGS
2774,MDGSW
2775,MDIA
2776,MDIV
2777,MDJH
2778,MDLZ
2779,MDNA
2780,MDRR
2781,MDRRP
2782,MDRX
2783,MDVL
2784,MDWD
2785,MDWT
2786,MDXG
2787,ME
2788,MEDP
2789,MEDS
2790,MEIP
2791,MELI
2792,MEOH
2793,MERC
2794,MESA
2795,MESO
2796,METC
2797,METX
2798,METXW
2799,MEUSW
2800,MF
2801,MFH
2802,MFIN
2803,MFNC
2804,MGEE
2805,MGI
2806,MGIC
2807,MGLN
2808,MGNI
2809,MGNX
2810,MGPI
2811,MGRC
2812,MGTA
2813,MGTX
2814,MGYR
2815,MHLD
2816,MICT
2817,MIDD
2818,MILE
2819,MILEW
2820,MILN
2821,MIME
2822,MIND
2823,MINDP
2824,MIRM
2825,MIRO
2826,MIST
2827,MITAU
2828,MITC
2829,MITK
2830,MITO
2831,MKD
2832,MKGI
2833,MKSI
2834,MKTX
2835,MKTY
2836,MLAB
2837,MLAC
2838,MLACU
2839,MLACW
2840,MLCO
2841,MLHR
2842,MLVF
2843,MMAC
2844,MMAT
2845,MMLP
2846,MMSI
2847,MMYT
2848,MNDO
2849,MNDY
2850,MNKD
2851,MNMD
2852,MNOV
2853,MNPR
2854,MNRO
2855,MNSB
2856,MNSBP
2857,MNST
2858,MNTK
2859,MNTV
2860,MNTX
2861,MODV
2862,MOFG
2863,MOGO
2864,MOHO
2865,MOLN
2866,MOMO
2867,MON
2868,MONCU
2869,MONCW
2870,MOR
2871,MORF
2872,MORN
2873,MOSY
2874,MOTN
2875,MOTNU
2876,MOTNW
2877,MOTS
2878,MOVE
2879,MOXC
2880,MPAA
2881,MPAC
2882,MPACR
2883,MPACU
2884,MPACW
2885,MPB
2886,MPWR
2887,MQ
2888,MRAC
2889,MRACU
2890,MRACW
2891,MRAM
2892,MRBK
2893,MRCC
2894,MRCY
2895,MREO
2896,MRIN
2897,MRKR
2898,MRLN
2899,MRM
2900,MRNA
2901,MRNS
2902,MRSN
2903,MRTN
2904,MRTX
2905,MRUS
2906,MRVI
2907,MRVL
2908,MSAC
2909,MSACW
2910,MSBI
2911,MSDA
2912,MSDAU
2913,MSDAW
2914,MSEX
2915,MSFT
2916,MSGM
2917,MSON
2918,MSTR
2919,MSVB
2920,MTAC
2921,MTACU
2922,MTACW
2923,MTBC
2924,MTBCP
2925,MTC
2926,MTCH
2927,MTCR
2928,MTEM
2929,MTEX
2930,MTLS
2931,MTP
2932,MTRX
2933,MTSI
2934,MTSL
2935,MU
2936,MUDS
2937,MUDSU
2938,MUDSW
2939,MVBF
2940,MVIS
2941,MXIM
2942,MYFW
2943,MYGN
2944,MYMD
2945,MYPS
2946,MYPSW
2947,MYRG
2948,MYSZ
2949,NAAC
2950,NAACU
2951,NAACW
2952,NAII
2953,NAKD
2954,NAOV
2955,NARI
2956,NATH
2957,NATI
2958,NATR
2959,NAUT
2960,NAVI
2961,NBEV
2962,NBIX
2963,NBN
2964,NBRV
2965,NBSE
2966,NBST
2967,NBSTU
2968,NBSTW
2969,NBTB
2970,NBTX
2971,NCBS
2972,NCMI
2973,NCNA
2974,NCNO
2975,NCSM
2976,NCTY
2977,NDAC
2978,NDACU
2979,NDACW
2980,NDAQ
2981,NDLS
2982,NDRA
2983,NDRAW
2984,NDSN
2985,NEBC
2986,NEBCU
2987,NEBCW
2988,NEGG
2989,NEO
2990,NEOG
2991,NEON
2992,NEPH
2993,NEPT
2994,NERV
2995,NESR
2996,NESRW
2997,NETE
2998,NEWA
2999,NEWT
3000,NEWTL
3001,NEWTZ
3002,NEXI
3003,NEXT
3004,NFBK
3005,NFE
3006,NFLX
3007,NFTY
3008,NGAC
3009,NGACU
3010,NGACW
3011,NGCA
3012,NGCAU
3013,NGCAW
3014,NGM
3015,NGMS
3016,NH
3017,NHIC
3018,NHICU
3019,NHICW
3020,NHTC
3021,NICE
3022,NICK
3023,NISN
3024,NIU
3025,NKLA
3026,NKSH
3027,NKTR
3028,NKTX
3029,NLITU
3030,NLOK
3031,NLSP
3032,NLSPW
3033,NLTX
3034,NMFC
3035,NMIH
3036,NMMC
3037,NMMCU
3038,NMMCW
3039,NMRD
3040,NMRK
3041,NMTC
3042,NMTR
3043,NNBR
3044,NNDM
3045,NNOX
3046,NOAC
3047,NOACU
3048,NOACW
3049,NODK
3050,NOTV
3051,NOVN
3052,NOVT
3053,NPCE
3054,NRAC
3055,NRACU
3056,NRACW
3057,NRBO
3058,NRC
3059,NRIM
3060,NRIX
3061,NRXP
3062,NRXPW
3063,NSEC
3064,NSIT
3065,NSPR
3066,NSPRW
3067,NSPRZ
3068,NSSC
3069,NSTG
3070,NSYS
3071,NTAP
3072,NTCT
3073,NTEC
3074,NTES
3075,NTGR
3076,NTIC
3077,NTLA
3078,NTNX
3079,NTRA
3080,NTRS
3081,NTRSO
3082,NTUS
3083,NTWK
3084,NUAN
3085,NURO
3086,NUVA
3087,NUWE
3088,NUZE
3089,NVAX
3090,NVCN
3091,NVCR
3092,NVDA
3093,NVEC
3094,NVEE
3095,NVFY
3096,NVIV
3097,NVMI
3098,NVOS
3099,NVSA
3100,NVSAU
3101,NVSAW
3102,NVVE
3103,NVVEW
3104,NWBI
3105,NWE
3106,NWFL
3107,NWL
3108,NWLI
3109,NWPX
3110,NWS
3111,NWSA
3112,NXGN
3113,NXPI
3114,NXST
3115,NXTC
3116,NXTD
3117,NXTG
3118,NYMT
3119,NYMTM
3120,NYMTN
3121,NYMTO
3122,NYMTP
3123,NYMX
3124,OAS
3125,OBAS
3126,OBCI
3127,OBLG
3128,OBNK
3129,OBSV
3130,OCAX
3131,OCAXU
3132,OCAXW
3133,OCC
3134,OCCI
3135,OCCIO
3136,OCCIP
3137,OCDX
3138,OCFC
3139,OCFCP
3140,OCG
3141,OCGN
3142,OCSL
3143,OCUL
3144,OCUP
3145,OCX
3146,ODFL
3147,ODP
3148,ODT
3149,OEG
3150,OEPW
3151,OEPWU
3152,OEPWW
3153,OESX
3154,OFED
3155,OFIX
3156,OFLX
3157,OFS
3158,OFSSG
3159,OFSSI
3160,OGI
3161,OHPA
3162,OHPAU
3163,OHPAW
3164,OIIM
3165,OKTA
3166,OLB
3167,OLD
3168,OLED
3169,OLK
3170,OLLI
3171,OLMA
3172,OM
3173,OMAB
3174,OMCL
3175,OMEG
3176,OMER
3177,OMEX
3178,OMIC
3179,OMP
3180,ON
3181,ONB
3182,ONCR
3183,ONCS
3184,ONCT
3185,ONCY
3186,ONDS
3187,ONEM
3188,ONEQ
3189,ONEW
3190,ONTX
3191,ONTXW
3192,ONVO
3193,OPBK
3194,OPCH
3195,OPEN
3196,OPENW
3197,OPGN
3198,OPHC
3199,OPI
3200,OPINL
3201,OPK
3202,OPNT
3203,OPOF
3204,OPRA
3205,OPRT
3206,OPRX
3207,OPT
3208,OPTN
3209,ORBC
3210,ORGN
3211,ORGNW
3212,ORGO
3213,ORGS
3214,ORIAU
3215,ORIC
3216,ORLY
3217,ORMP
3218,ORPH
3219,ORRF
3220,ORTX
3221,OSAT
3222,OSATW
3223,OSBC
3224,OSIS
3225,OSMT
3226,OSN
3227,OSPN
3228,OSS
3229,OSTK
3230,OSTR
3231,OSTRU
3232,OSTRW
3233,OSUR
3234,OSW
3235,OTECU
3236,OTEX
3237,OTIC
3238,OTLK
3239,OTLKW
3240,OTLY
3241,OTRA
3242,OTRAU
3243,OTRAW
3244,OTRK
3245,OTRKP
3246,OTTR
3247,OVBC
3248,OVID
3249,OVLY
3250,OXBR
3251,OXBRW
3252,OXLC
3253,OXLCL
3254,OXLCM
3255,OXLCP
3256,OXSQ
3257,OXSQG
3258,OXSQL
3259,OXSQZ
3260,OYST
3261,OZK
3262,OZON
3263,PAA
3264,PAAS
3265,PACB
3266,PACW
3267,PACX
3268,PACXU
3269,PACXW
3270,PAE
3271,PAEWW
3272,PAGP
3273,PAHC
3274,PAIC
3275,PAICU
3276,PAICW
3277,PALI
3278,PANA
3279,PANL
3280,PAQC
3281,PAQCU
3282,PAQCW
3283,PASG
3284,PATI
3285,PATK
3286,PAVM
3287,PAVMW
3288,PAVMZ
3289,PAX
3290,PAYA
3291,PAYAW
3292,PAYO
3293,PAYOW
3294,PAYS
3295,PAYX
3296,PBCT
3297,PBCTP
3298,PBFS
3299,PBHC
3300,PBIP
3301,PBLA
3302,PBPB
3303,PBTS
3304,PBYI
3305,PCAR
3306,PCB
3307,PCH
3308,PCOM
3309,PCRX
3310,PCSA
3311,PCSB
3312,PCT
3313,PCTI
3314,PCTTU
3315,PCTTW
3316,PCTY
3317,PCVX
3318,PCYG
3319,PCYO
3320,PDBC
3321,PDCE
3322,PDCO
3323,PDD
3324,PDEV
3325,PDEX
3326,PDFS
3327,PDLB
3328,PDP
3329,PDSB
3330,PEBK
3331,PEBO
3332,PEGA
3333,PENN
3334,PEP
3335,PERI
3336,PESI
3337,PETQ
3338,PETS
3339,PETZ
3340,PEY
3341,PEZ
3342,PFBC
3343,PFBI
3344,PFC
3345,PFDR
3346,PFDRU
3347,PFDRW
3348,PFF
3349,PFG
3350,PFHD
3351,PFI
3352,PFIE
3353,PFIN
3354,PFIS
3355,PFLT
3356,PFM
3357,PFMT
3358,PFPT
3359,PFSW
3360,PFX
3361,PFXNL
3362,PGC
3363,PGEN
3364,PGJ
3365,PGNY
3366,PGRW
3367,PGRWU
3368,PGRWW
3369,PHAR
3370,PHAS
3371,PHAT
3372,PHCF
3373,PHIC
3374,PHICU
3375,PHICW
3376,PHIO
3377,PHIOW
3378,PHO
3379,PHUN
3380,PHUNW
3381,PHVS
3382,PI
3383,PID
3384,PIE
3385,PINC
3386,PIO
3387,PIRS
3388,PIXY
3389,PIZ
3390,PKBK
3391,PKOH
3392,PKW
3393,PLAB
3394,PLAY
3395,PLBC
3396,PLBY
3397,PLCE
3398,PLIN
3399,PLL
3400,PLMI
3401,PLMIU
3402,PLMIW
3403,PLMR
3404,PLPC
3405,PLRX
3406,PLSE
3407,PLTK
3408,PLUG
3409,PLUS
3410,PLW
3411,PLXP
3412,PLXS
3413,PLYA
3414,PMBC
3415,PMD
3416,PME
3417,PMGM
3418,PMGMU
3419,PMGMW
3420,PMVP
3421,PNBK
3422,PNFP
3423,PNFPP
3424,PNNT
3425,PNNTG
3426,PNQI
3427,PNRG
3428,PNTG
3429,POAI
3430,PODD
3431,POLA
3432,POOL
3433,POSH
3434,POTX
3435,POW
3436,POWI
3437,POWL
3438,POWRU
3439,POWRW
3440,POWW
3441,POWWP
3442,PPBI
3443,PPBT
3444,PPC
3445,PPD
3446,PPGH
3447,PPGHU
3448,PPGHW
3449,PPH
3450,PPIH
3451,PPSI
3452,PPTA
3453,PRAA
3454,PRAH
3455,PRAX
3456,PRCH
3457,PRDO
3458,PRFT
3459,PRFX
3460,PRFZ
3461,PRGS
3462,PRIM
3463,PRLD
3464,PRN
3465,PROF
3466,PROG
3467,PROV
3468,PRPH
3469,PRPL
3470,PRPO
3471,PRQR
3472,PRSR
3473,PRSRU
3474,PRSRW
3475,PRTA
3476,PRTC
3477,PRTG
3478,PRTH
3479,PRTK
3480,PRTS
3481,PRVA
3482,PRVB
3483,PSAC
3484,PSACU
3485,PSACW
3486,PSAG
3487,PSAGU
3488,PSAGW
3489,PSC
3490,PSCC
3491,PSCD
3492,PSCE
3493,PSCF
3494,PSCH
3495,PSCI
3496,PSCM
3497,PSCT
3498,PSCU
3499,PSEC
3500,PSET
3501,PSHG
3502,PSL
3503,PSMT
3504,PSNL
3505,PSTI
3506,PSTV
3507,PSTX
3508,PT
3509,PTC
3510,PTCT
3511,PTE
3512,PTEN
3513,PTF
3514,PTGX
3515,PTH
3516,PTIC
3517,PTICU
3518,PTICW
3519,PTIX
3520,PTIXW
3521,PTMN
3522,PTNR
3523,PTOC
3524,PTOCU
3525,PTOCW
3526,PTON
3527,PTPI
3528,PTRA
3529,PTRAW
3530,PTRS
3531,PTSI
3532,PTVE
3533,PUBM
3534,PUCK
3535,PUCKU
3536,PUCKW
3537,PUI
3538,PULM
3539,PUYI
3540,PVAC
3541,PVBC
3542,PWFL
3543,PWOD
3544,PWP
3545,PWPPW
3546,PXI
3547,PXLW
3548,PXS
3549,PXSAP
3550,PXSAW
3551,PY
3552,PYPD
3553,PYPL
3554,PYR
3555,PYZ
3556,PZZA
3557,QABA
3558,QADA
3559,QADB
3560,QAT
3561,QCLN
3562,QCOM
3563,QCRH
3564,QDEL
3565,QELL
3566,QELLU
3567,QELLW
3568,QFIN
3569,QH
3570,QIPT
3571,QIWI
3572,QK
3573,QLGN
3574,QLI
3575,QLYS
3576,QMCO
3577,QNST
3578,QQC
3579,QQD
3580,QQEW
3581,QQQ
3582,QQQA
3583,QQQJ
3584,QQQM
3585,QQQN
3586,QQQX
3587,QQXT
3588,QRHC
3589,QRTEA
3590,QRTEB
3591,QRTEP
3592,QRVO
3593,QSI
3594,QSIAW
3595,QTEC
3596,QTNT
3597,QTRX
3598,QTT
3599,QUIK
3600,QUMU
3601,QURE
3602,QYLD
3603,QYLG
3604,RAAC
3605,RAACU
3606,RAACW
3607,RACA
3608,RACB
3609,RADA
3610,RADI
3611,RAIL
3612,RAIN
3613,RAMMU
3614,RAND
3615,RAPT
3616,RARE
3617,RAVE
3618,RAVN
3619,RBB
3620,RBBN
3621,RBCAA
3622,RBCN
3623,RBKB
3624,RBNC
3625,RCAT
3626,RCEL
3627,RCHG
3628,RCHGU
3629,RCHGW
3630,RCII
3631,RCKT
3632,RCKY
3633,RCLF
3634,RCLFU
3635,RCLFW
3636,RCM
3637,RCMT
3638,RCON
3639,RDCM
3640,RDFN
3641,RDHL
3642,RDI
3643,RDIB
3644,RDNT
3645,RDUS
3646,RDVT
3647,RDVY
3648,RDWR
3649,REAL
3650,REAX
3651,REDU
3652,REED
3653,REFR
3654,REG
3655,REGI
3656,REGN
3657,REIT
3658,REKR
3659,RELI
3660,RELIW
3661,RELL
3662,REPH
3663,REPL
3664,RESN
3665,RETA
3666,RETO
3667,REVH
3668,REVHU
3669,REVHW
3670,REYN
3671,RFAP
3672,RFDI
3673,RFEM
3674,RFEU
3675,RFIL
3676,RGCO
3677,RGEN
3678,RGLD
3679,RGLS
3680,RGNX
3681,RGP
3682,RIBT
3683,RICK
3684,RIDE
3685,RIGL
3686,RILY
3687,RILYG
3688,RILYH
3689,RILYI
3690,RILYK
3691,RILYL
3692,RILYM
3693,RILYN
3694,RILYO
3695,RILYP
3696,RILYT
3697,RING
3698,RIOT
3699,RIVE
3700,RKDA
3701,RLAY
3702,RLMD
3703,RMBI
3704,RMBL
3705,RMBS
3706,RMCF
3707,RMGB
3708,RMGBU
3709,RMGBW
3710,RMGC
3711,RMGCU
3712,RMGCW
3713,RMNI
3714,RMR
3715,RMRM
3716,RMTI
3717,RNA
3718,RNDB
3719,RNDM
3720,RNDV
3721,RNEM
3722,RNLC
3723,RNLX
3724,RNMC
3725,RNRG
3726,RNSC
3727,RNST
3728,RNWK
3729,ROAD
3730,ROBT
3731,ROCC
3732,ROCCU
3733,ROCCW
3734,ROCK
3735,ROCR
3736,ROCRU
3737,ROCRW
3738,ROIC
3739,ROKU
3740,ROLL
3741,ROOT
3742,ROST
3743,RPAY
3744,RPD
3745,RPHM
3746,RPRX
3747,RPTX
3748,RRBI
3749,RRGB
3750,RRR
3751,RSLS
3752,RSSS
3753,RSVA
3754,RSVAU
3755,RSVAW
3756,RTH
3757,RTLR
3758,RTPY
3759,RTPYU
3760,RTPYW
3761,RUBY
3762,RUN
3763,RUSHA
3764,RUSHB
3765,RUTH
3766,RVMD
3767,RVNC
3768,RVPH
3769,RVPHW
3770,RVSB
3771,RWLK
3772,RXDX
3773,RXRA
3774,RXRAU
3775,RXRAW
3776,RXRX
3777,RXT
3778,RYAAY
3779,RYTM
3780,RZLT
3781,SABR
3782,SABRP
3783,SAFM
3784,SAFT
3785,SAGE
3786,SAIA
3787,SAII
3788,SAIIU
3789,SAIIW
3790,SAL
3791,SALM
3792,SAMG
3793,SANA
3794,SANM
3795,SANW
3796,SASR
3797,SATS
3798,SAVA
3799,SBAC
3800,SBBP
3801,SBCF
3802,SBEA
3803,SBEAU
3804,SBEAW
3805,SBFG
3806,SBGI
3807,SBLK
3808,SBLKZ
3809,SBNY
3810,SBNYP
3811,SBRA
3812,SBSI
3813,SBT
3814,SBTX
3815,SBUX
3816,SCAQ
3817,SCAQU
3818,SCAQW
3819,SCHL
3820,SCHN
3821,SCKT
3822,SCLE
3823,SCLEU
3824,SCLEW
3825,SCOA
3826,SCOAU
3827,SCOAW
3828,SCOB
3829,SCOBU
3830,SCOBW
3831,SCOR
3832,SCPH
3833,SCPL
3834,SCPS
3835,SCR
3836,SCSC
3837,SCVL
3838,SCWX
3839,SCYX
3840,SCZ
3841,SDAC
3842,SDACU
3843,SDACW
3844,SDC
3845,SDG
3846,SDGR
3847,SDH
3848,SDVY
3849,SEAC
3850,SECO
3851,SEDG
3852,SEED
3853,SEEL
3854,SEER
3855,SEIC
3856,SELB
3857,SELF
3858,SENEA
3859,SENEB
3860,SESN
3861,SFBC
3862,SFET
3863,SFIX
3864,SFM
3865,SFNC
3866,SFST
3867,SFT
3868,SGA
3869,SGAM
3870,SGAMU
3871,SGAMW
3872,SGBX
3873,SGC
3874,SGEN
3875,SGH
3876,SGLB
3877,SGLBW
3878,SGMA
3879,SGMO
3880,SGMS
3881,SGOC
3882,SGRP
3883,SGRY
3884,SGTX
3885,SHAC
3886,SHACU
3887,SHACW
3888,SHBI
3889,SHC
3890,SHEN
3891,SHIP
3892,SHIPW
3893,SHIPZ
3894,SHLD
3895,SHLS
3896,SHOO
3897,SHSP
3898,SHV
3899,SHY
3900,SHYF
3901,SIBN
3902,SIC
3903,SIEB
3904,SIEN
3905,SIFY
3906,SIGA
3907,SIGI
3908,SIGIP
3909,SILC
3910,SILK
3911,SIMO
3912,SINO
3913,SINT
3914,SIOX
3915,SIRI
3916,SITM
3917,SIVB
3918,SIVBP
3919,SJ
3920,SKIN
3921,SKINW
3922,SKOR
3923,SKYAU
3924,SKYT
3925,SKYU
3926,SKYW
3927,SKYY
3928,SLAB
3929,SLAM
3930,SLAMU
3931,SLAMW
3932,SLCR
3933,SLCRU
3934,SLCRW
3935,SLCT
3936,SLDB
3937,SLGG
3938,SLGL
3939,SLGN
3940,SLHG
3941,SLM
3942,SLMBP
3943,SLN
3944,SLNG
3945,SLNO
3946,SLP
3947,SLQD
3948,SLRC
3949,SLRX
3950,SLS
3951,SLVO
3952,SMBC
3953,SMBK
3954,SMCI
3955,SMCP
3956,SMED
3957,SMH
3958,SMID
3959,SMIHU
3960,SMIT
3961,SMMF
3962,SMMT
3963,SMPL
3964,SMSI
3965,SMTC
3966,SMTI
3967,SNBR
3968,SNCR
3969,SNCY
3970,SND
3971,SNDL
3972,SNDX
3973,SNES
3974,SNEX
3975,SNFCA
3976,SNGX
3977,SNGXW
3978,SNLN
3979,SNOA
3980,SNPS
3981,SNPX
3982,SNRH
3983,SNRHU
3984,SNRHW
3985,SNSE
3986,SNSR
3987,SNUG
3988,SNY
3989,SOCL
3990,SOFI
3991,SOFIW
3992,SOHO
3993,SOHOB
3994,SOHON
3995,SOHOO
3996,SOHU
3997,SOLO
3998,SOLOW
3999,SOLY
4000,SONM
4001,SONN
4002,SONO
4003,SOXQ
4004,SOXX
4005,SP
4006,SPBC
4007,SPCB
4008,SPFI
4009,SPI
4010,SPKAU
4011,SPKB
4012,SPKBU
4013,SPKBW
4014,SPKE
4015,SPKEP
4016,SPLK
4017,SPNE
4018,SPNS
4019,SPOK
4020,SPPI
4021,SPQQ
4022,SPRB
4023,SPRO
4024,SPRT
4025,SPSC
4026,SPT
4027,SPTK
4028,SPTKU
4029,SPTKW
4030,SPTN
4031,SPWH
4032,SPWR
4033,SQBG
4034,SQFT
4035,SQFTP
4036,SQLV
4037,SQQQ
4038,SRAC
4039,SRACU
4040,SRACW
4041,SRAX
4042,SRCE
4043,SRCL
4044,SRDX
4045,SRET
4046,SREV
4047,SRGA
4048,SRNE
4049,SRNG
4050,SRNGU
4051,SRNGW
4052,SRPT
4053,SRRA
4054,SRRK
4055,SRSA
4056,SRSAU
4057,SRSAW
4058,SRTS
4059,SSAA
4060,SSAAU
4061,SSAAW
4062,SSB
4063,SSBI
4064,SSKN
4065,SSNC
4066,SSNT
4067,SSP
4068,SSRM
4069,SSSS
4070,SSTI
4071,SSYS
4072,STAA
4073,STAF
4074,STBA
4075,STCN
4076,STEP
4077,STFC
4078,STIM
4079,STKL
4080,STKS
4081,STLD
4082,STMP
4083,STNE
4084,STNEV
4085,STOK
4086,STRA
4087,STRL
4088,STRM
4089,STRO
4090,STRR
4091,STRRP
4092,STRS
4093,STRT
4094,STSA
4095,STTK
4096,STWO
4097,STWOU
4098,STWOW
4099,STX
4100,STXB
4101,SUMO
4102,SUMR
4103,SUNS
4104,SUNW
4105,SUPN
4106,SURF
4107,SUSB
4108,SUSC
4109,SUSL
4110,SV
4111,SVA
4112,SVAC
4113,SVACU
4114,SVACW
4115,SVBI
4116,SVC
4117,SVFA
4118,SVFAU
4119,SVFAW
4120,SVFB
4121,SVFC
4122,SVFD
4123,SVOK
4124,SVOKU
4125,SVOKW
4126,SVRA
4127,SVSVU
4128,SVSVW
4129,SVVC
4130,SWAV
4131,SWBI
4132,SWET
4133,SWETU
4134,SWETW
4135,SWIM
4136,SWIR
4137,SWKH
4138,SWKS
4139,SWTX
4140,SXTC
4141,SY
4142,SYBT
4143,SYBX
4144,SYKE
4145,SYNA
4146,SYNH
4147,SYNL
4148,SYPR
4149,SYRS
4150,SYTA
4151,SYTAW
4152,TA
4153,TACO
4154,TACT
4155,TAIT
4156,TALK
4157,TALKW
4158,TALS
4159,TANH
4160,TANNI
4161,TANNL
4162,TANNZ
4163,TAOP
4164,TARA
4165,TARS
4166,TASK
4167,TAST
4168,TATT
4169,TAYD
4170,TBBK
4171,TBCP
4172,TBCPU
4173,TBCPW
4174,TBIO
4175,TBK
4176,TBKCP
4177,TBLT
4178,TBLTW
4179,TBNK
4180,TBPH
4181,TBSA
4182,TBSAU
4183,TBSAW
4184,TC
4185,TCAC
4186,TCACU
4187,TCACW
4188,TCBI
4189,TCBIO
4190,TCBK
4191,TCDA
4192,TCFC
4193,TCMD
4194,TCOM
4195,TCON
4196,TCPC
4197,TCRR
4198,TCVA
4199,TCX
4200,TDAC
4201,TDACU
4202,TDACW
4203,TDIV
4204,TDUP
4205,TEAM
4206,TECH
4207,TECTP
4208,TEDU
4209,TEKK
4210,TEKKU
4211,TEKKW
4212,TELA
4213,TELL
4214,TENB
4215,TENX
4216,TER
4217,TERN
4218,TESS
4219,TETC
4220,TETCU
4221,TETCW
4222,TFFP
4223,TFSL
4224,TGA
4225,TGLS
4226,TGTX
4227,TH
4228,THCA
4229,THCAU
4230,THCAW
4231,THCB
4232,THCBU
4233,THCBW
4234,THFF
4235,THMA
4236,THMAU
4237,THMAW
4238,THMO
4239,THRM
4240,THRY
4241,THTX
4242,THWWW
4243,TIG
4244,TIGO
4245,TIGR
4246,TIL
4247,TILE
4248,TIOA
4249,TIOAU
4250,TIOAW
4251,TIPT
4252,TIRX
4253,TITN
4254,TKNO
4255,TLC
4256,TLGT
4257,TLIS
4258,TLMD
4259,TLMDW
4260,TLND
4261,TLRY
4262,TLS
4263,TLSA
4264,TLT
4265,TMCI
4266,TMDI
4267,TMDX
4268,TMKR
4269,TMKRU
4270,TMKRW
4271,TMPM
4272,TMPMU
4273,TMPMW
4274,TMTS
4275,TMTSU
4276,TMTSW
4277,TMUS
4278,TNDM
4279,TNXP
4280,TOMZ
4281,TOPS
4282,TOUR
4283,TOWN
4284,TPIC
4285,TPST
4286,TPTX
4287,TQQQ
4288,TREE
4289,TRHC
4290,TRIB
4291,TRIL
4292,TRIN
4293,TRIP
4294,TRIT
4295,TRITW
4296,TRKA
4297,TRKAW
4298,TRMB
4299,TRMD
4300,TRMK
4301,TRMR
4302,TRMT
4303,TRNS
4304,TRONU
4305,TROW
4306,TRS
4307,TRST
4308,TRUE
4309,TRUP
4310,TRVG
4311,TRVI
4312,TRVN
4313,TSBK
4314,TSC
4315,TSCAP
4316,TSCBP
4317,TSCO
4318,TSEM
4319,TSHA
4320,TSIB
4321,TSIBU
4322,TSIBW
4323,TSLA
4324,TSP
4325,TSRI
4326,TTCF
4327,TTD
4328,TTEC
4329,TTEK
4330,TTGT
4331,TTMI
4332,TTNP
4333,TTOO
4334,TTSH
4335,TTWO
4336,TUEM
4337,TUGC
4338,TUGCU
4339,TUGCW
4340,TUR
4341,TURN
4342,TUSA
4343,TUSK
4344,TVAC
4345,TVACU
4346,TVACW
4347,TVTX
4348,TVTY
4349,TW
4350,TWCT
4351,TWCTU
4352,TWCTW
4353,TWIN
4354,TWLV
4355,TWLVU
4356,TWLVW
4357,TWNK
4358,TWNKW
4359,TWOU
4360,TWST
4361,TXG
4362,TXMD
4363,TXN
4364,TXRH
4365,TYHT
4366,TYME
4367,TZOO
4368,TZPS
4369,TZPSU
4370,TZPSW
4371,UAE
4372,UAL
4373,UBCP
4374,UBFO
4375,UBOH
4376,UBSI
4377,UBX
4378,UCBI
4379,UCBIO
4380,UCL
4381,UCTT
4382,UCYB
4383,UEIC
4384,UEPS
4385,UFCS
4386,UFO
4387,UFPI
4388,UFPT
4389,UG
4390,UGRO
4391,UHAL
4392,UIHC
4393,UK
4394,UKOMW
4395,ULBI
4396,ULCC
4397,ULH
4398,ULTA
4399,UMBF
4400,UMPQ
4401,UNAM
4402,UNB
4403,UNIT
4404,UNTY
4405,UONE
4406,UONEK
4407,UPC
4408,UPLD
4409,UPST
4410,UPWK
4411,URBN
4412,URGN
4413,UROY
4414,USAK
4415,USAP
4416,USAU
4417,USCR
4418,USEG
4419,USIG
4420,USIO
4421,USLB
4422,USLM
4423,USMC
4424,USOI
4425,USWS
4426,USWSW
4427,USXF
4428,UTHR
4429,UTMD
4430,UTME
4431,UTSI
4432,UVSP
4433,UXIN
4434,VABK
4435,VACC
4436,VACQ
4437,VACQU
4438,VACQW
4439,VALN
4440,VALU
4441,VAQC
4442,VBFC
4443,VBIV
4444,VBLT
4445,VBTX
4446,VC
4447,VCEL
4448,VCIT
4449,VCKA
4450,VCKAU
4451,VCKAW
4452,VCLT
4453,VCNX
4454,VCSH
4455,VCTR
4456,VCVC
4457,VCVCU
4458,VCVCW
4459,VCYT
4460,VECO
4461,VECT
4462,VELO
4463,VELOU
4464,VELOW
4465,VENA
4466,VENAR
4467,VENAU
4468,VENAW
4469,VEON
4470,VERA
4471,VERB
4472,VERBW
4473,VERI
4474,VERO
4475,VERU
4476,VERV
4477,VERX
4478,VERY
4479,VETS
4480,VFF
4481,VG
4482,VGIT
4483,VGLT
4484,VGSH
4485,VIAC
4486,VIACA
4487,VIACP
4488,VIAV
4489,VICR
4490,VIEW
4491,VIEWW
4492,VIGI
4493,VIH
4494,VIHAU
4495,VIHAW
4496,VII
4497,VIIAU
4498,VIIAW
4499,VINC
4500,VINO
4501,VINP
4502,VIOT
4503,VIR
4504,VIRC
4505,VIRI
4506,VIRT
4507,VIRX
4508,VISL
4509,VITL
4510,VIVE
4511,VIVO
4512,VJET
4513,VKTX
4514,VLAT
4515,VLATU
4516,VLATW
4517,VLDR
4518,VLDRW
4519,VLGEA
4520,VLON
4521,VLY
4522,VLYPO
4523,VLYPP
4524,VMAC
4525,VMACU
4526,VMACW
4527,VMAR
4528,VMBS
4529,VMD
4530,VMEO
4531,VNDA
4532,VNET
4533,VNOM
4534,VNQI
4535,VOD
4536,VONE
4537,VONG
4538,VONV
4539,VOR
4540,VOSO
4541,VOSOU
4542,VOSOW
4543,VOXX
4544,VPCB
4545,VPCBU
4546,VPCBW
4547,VPN
4548,VRA
4549,VRAY
4550,VRCA
4551,VRDN
4552,VREX
4553,VRIG
4554,VRM
4555,VRME
4556,VRMEW
4557,VRNA
4558,VRNS
4559,VRNT
4560,VRPX
4561,VRRM
4562,VRSK
4563,VRSN
4564,VRTS
4565,VRTX
4566,VS
4567,VSAT
4568,VSDA
4569,VSEC
4570,VSMV
4571,VSSYW
4572,VSTA
4573,VSTM
4574,VTAQ
4575,VTAQR
4576,VTAQU
4577,VTAQW
4578,VTC
4579,VTGN
4580,VTHR
4581,VTIP
4582,VTIQ
4583,VTIQU
4584,VTIQW
4585,VTNR
4586,VTRN
4587,VTRS
4588,VTRU
4589,VTSI
4590,VTVT
4591,VTWG
4592,VTWO
4593,VTWV
4594,VUZI
4595,VVOS
4596,VVPR
4597,VWE
4598,VWOB
4599,VWTR
4600,VXRT
4601,VXUS
4602,VYGR
4603,VYMI
4604,VYNE
4605,VYNT
4606,WABC
4607,WAFD
4608,WAFDP
4609,WAFU
4610,WALD
4611,WALDU
4612,WALDW
4613,WASH
4614,WATT
4615,WB
4616,WBA
4617,WBND
4618,WCBR
4619,WCLD
4620,WDAY
4621,WDC
4622,WDFC
4623,WEN
4624,WERN
4625,WETF
4626,WEYS
4627,WFCF
4628,WFRD
4629,WGRO
4630,WHF
4631,WHFBZ
4632,WHLM
4633,WHLR
4634,WHLRD
4635,WHLRP
4636,WILC
4637,WIMI
4638,WINA
4639,WINC
4640,WING
4641,WINT
4642,WIRE
4643,WISA
4644,WISH
4645,WIX
4646,WKEY
4647,WKHS
4648,WKME
4649,WLDN
4650,WLFC
4651,WLTW
4652,WMG
4653,WMPN
4654,WNEB
4655,WNW
4656,WOOD
4657,WOOF
4658,WORX
4659,WPRT
4660,WRAP
4661,WRLD
4662,WSBC
4663,WSBCP
4664,WSBF
4665,WSC
4666,WSFS
4667,WSTG
4668,WTBA
4669,WTER
4670,WTFC
4671,WTFCM
4672,WTFCP
4673,WTRE
4674,WTREP
4675,WTRH
4676,WVE
4677,WVFC
4678,WVVI
4679,WVVIP
4680,WW
4681,WWD
4682,WYNN
4683,XAIR
4684,XBIO
4685,XBIOW
4686,XBIT
4687,XCUR
4688,XEL
4689,XELA
4690,XELB
4691,XENE
4692,XENT
4693,XERS
4694,XFOR
4695,XGN
4696,XLNX
4697,XLRN
4698,XM
4699,XNCR
4700,XNET
4701,XOG
4702,XOMA
4703,XOMAO
4704,XOMAP
4705,XONE
4706,XP
4707,XPDI
4708,XPDIU
4709,XPDIW
4710,XPEL
4711,XPER
4712,XRAY
4713,XSPA
4714,XT
4715,XTLB
4716,YELL
4717,YGMZ
4718,YI
4719,YJ
4720,YLDE
4721,YMAB
4722,YMTX
4723,YNDX
4724,YORW
4725,YQ
4726,YSAC
4727,YSACU
4728,YSACW
4729,YTEN
4730,YTRA
4731,YVR
4732,YY
4733,Z
4734,ZAZZT
4735,ZBRA
4736,ZBZZT
4737,ZCMD
4738,ZCZZT
4739,ZEAL
4740,ZEUS
4741,ZG
4742,ZGNX
4743,ZGYH
4744,ZGYHR
4745,ZGYHU
4746,ZGYHW
4747,ZI
4748,ZION
4749,ZIONL
4750,ZIONO
4751,ZIONP
4752,ZIOP
4753,ZIVO
4754,ZIVOW
4755,ZIXI
4756,ZJZZT
4757,ZKIN
4758,ZLAB
4759,ZM
4760,ZNGA
4761,ZNTE
4762,ZNTEU
4763,ZNTEW
4764,ZNTL
4765,ZS
4766,ZSAN
4767,ZTAQU
4768,ZUMZ
4769,ZVO
4770,ZVZZC
4771,ZVZZT
4772,ZWRK
4773,ZWRKU
4774,ZWRKW
4775,ZWZZT
4776,ZXYZ.A
4777,ZXZZT
4778,ZY
4779,ZYNE
4780,ZYXI
